branch_id,toxicity
0,0.0323
1,0.0600
2,0.3404
3,0.1634
4,0.2051
5,0.1195
6,0.2339
7,0.0737
8,0.1691
9,0.0473
10,0.1675
11,0.1935
12,0.1381
13,0.2252
14,0.0319
15,0.0522
16,0.2163
17,0.1124
18,0.2507
19,0.0788
20,0.1538
21,0.0902
22,0.0781
23,0.0891
24,0.1612
25,0.1820
26,0.1978
27,0.2112
28,0.1696
29,0.1869
30,0.1463
31,0.1734
32,0.1821
33,0.1566
34,0.2354
35,0.1698
36,0.2423
37,0.1783
38,0.1461
39,0.1755
40,0.1859
41,0.0362
42,0.1788
43,0.0482
44,0.1784
45,0.0925
46,0.0939
47,0.2070
48,0.2364
49,0.1853
50,0.1470
51,0.1805
52,0.1451
53,0.0663
54,0.2135
55,0.1271
56,0.0937
57,0.1478
58,0.1312
59,0.1598
60,0.1434
61,0.1339
62,0.1441
63,0.1539
64,0.3103
65,0.2304
66,0.0453
67,0.0579
68,0.2343
69,0.1607
70,0.1900
71,0.2520
72,0.1219
73,0.1990
74,0.1820
75,0.1900
76,0.0252
77,0.0640
78,0.0618
79,0.1531
80,0.0439
81,0.2456
82,0.0270
83,0.1100
84,0.1097
85,0.1539
86,0.0376
87,0.0918
88,0.1520
89,0.2526
90,0.3044
91,0.2655
92,0.3293
93,0.2695
94,0.2871
95,0.3087
96,0.3092
97,0.2683
98,0.4067
99,0.3986
100,0.3329
101,0.4111
102,0.2802
103,0.2563
104,0.2744
105,0.2845
106,0.3068
107,0.2667
108,0.2796
109,0.2694
110,0.2575
111,0.2805
112,0.2589
113,0.0265
114,0.0615
115,0.1692
116,0.2128
117,0.1954
118,0.0207
119,0.1024
120,0.2313
121,0.0955
122,0.0907
123,0.0882
124,0.1344
125,0.1484
126,0.1265
127,0.0715
128,0.0830
129,0.1067
130,0.0679
131,0.0669
132,0.0254
133,0.1955
134,0.0194
135,0.1739
136,0.2024
137,0.1467
138,0.1155
139,0.0920
140,0.0779
141,0.1568
142,0.1291
143,0.0836
144,0.0333
145,0.2694
146,0.0798
147,0.1430
148,0.0514
149,0.0803
150,0.1204
151,0.0776
152,0.1960
153,0.1671
154,0.0559
155,0.2763
156,0.0898
157,0.0704
158,0.0793
159,0.1619
160,0.2013
161,0.1258
162,0.1420
163,0.0793
164,0.2137
165,0.0404
166,0.1405
167,0.1385
168,0.0961
169,0.1232
170,0.1090
171,0.0943
172,0.0950
173,0.1516
174,0.1837
175,0.1059
176,0.1263
177,0.0981
178,0.1070
179,0.0926
180,0.1186
181,0.0945
182,0.0920
183,0.3027
184,0.3894
185,0.3024
186,0.3116
187,0.3017
188,0.0798
189,0.1581
190,0.0749
191,0.1712
192,0.0698
193,0.0522
194,0.0639
195,0.1695
196,0.1609
197,0.1721
198,0.1575
199,0.1337
200,0.1524
201,0.3512
202,0.2736
203,0.1288
204,0.2648
205,0.2030
206,0.1713
207,0.2215
208,0.1616
209,0.2047
210,0.1665
211,0.1578
212,0.1605
213,0.2550
214,0.1361
215,0.1541
216,0.1546
217,0.1575
218,0.1564
219,0.1176
220,0.1676
221,0.2561
222,0.1796
223,0.2349
224,0.1459
225,0.2862
226,0.2384
227,0.2409
228,0.3068
229,0.3535
230,0.4256
231,0.3789
232,0.3635
233,0.2498
234,0.2729
235,0.3607
236,0.3394
237,0.2946
238,0.3761
239,0.2041
240,0.1983
241,0.1968
242,0.2437
243,0.2448
244,0.1859
245,0.3072
246,0.3282
247,0.1641
248,0.0923
249,0.1540
250,0.2005
251,0.2042
252,0.0925
253,0.1617
254,0.1723
255,0.1565
256,0.1510
257,0.1818
258,0.1411
259,0.0847
260,0.0879
261,0.1792
262,0.2420
263,0.1874
264,0.2158
265,0.1269
266,0.1481
267,0.1746
268,0.3513
269,0.1722
270,0.1977
271,0.3077
272,0.1057
273,0.1090
274,0.1105
275,0.2358
276,0.0973
277,0.0405
278,0.0352
279,0.1382
280,0.1912
281,0.4954
282,0.2273
283,0.3052
284,0.1992
285,0.2575
286,0.2526
287,0.1793
288,0.1989
289,0.0860
290,0.1098
291,0.1597
292,0.1855
293,0.2117
294,0.2559
295,0.1601
296,0.2716
297,0.0576
298,0.0472
299,0.1010
300,0.0589
301,0.0529
302,0.0496
303,0.0524
304,0.0562
305,0.0477
306,0.0842
307,0.2942
308,0.2549
309,0.1160
310,0.1561
311,0.1964
312,0.2017
313,0.2358
314,0.1619
315,0.2007
316,0.1984
317,0.3650
318,0.3410
319,0.1491
320,0.1557
321,0.1858
322,0.1985
323,0.1987
324,0.1692
325,0.2342
326,0.2323
327,0.1507
328,0.1478
329,0.3305
330,0.1199
331,0.1199
332,0.1430
333,0.0859
334,0.1428
335,0.1081
336,0.1286
337,0.2617
338,0.1349
339,0.1388
340,0.1276
341,0.1998
342,0.1596
343,0.1393
344,0.2703
345,0.2395
346,0.2270
347,0.2289
348,0.2370
349,0.2063
350,0.1970
351,0.2047
352,0.1982
353,0.2258
354,0.2113
355,0.0916
356,0.4203
357,0.2766
358,0.1869
359,0.1594
360,0.1821
361,0.1766
362,0.0112
363,0.1816
364,0.2033
365,0.0348
366,0.0403
367,0.0915
368,0.2548
369,0.3081
370,0.3544
371,0.1939
372,0.0974
373,0.0868
374,0.0769
375,0.2748
376,0.1158
377,0.2108
378,0.1153
379,0.0603
380,0.1601
381,0.0560
382,0.0562
383,0.0608
384,0.1026
385,0.1604
386,0.0579
387,0.3160
388,0.2689
389,0.0485
390,0.1571
391,0.2264
392,0.2363
393,0.1767
394,0.2905
395,0.1866
396,0.1576
397,0.1236
398,0.0588
399,0.2958
400,0.2211
401,0.2524
402,0.1759
403,0.1448
404,0.1235
405,0.1247
406,0.1197
407,0.1523
408,0.2921
409,0.1433
410,0.1991
411,0.1571
412,0.2238
413,0.1536
414,0.1578
415,0.1556
416,0.1794
417,0.2255
418,0.1375
419,0.1214
420,0.0809
421,0.0793
422,0.0913
423,0.0964
424,0.0714
425,0.0724
426,0.0716
427,0.0746
428,0.0850
429,0.0766
430,0.0490
431,0.0501
432,0.0492
433,0.0617
434,0.0343
435,0.0349
436,0.2158
437,0.1047
438,0.1482
439,0.1806
440,0.1488
441,0.1331
442,0.1015
443,0.1455
444,0.1830
445,0.1026
446,0.1437
447,0.1645
448,0.1012
449,0.1581
450,0.1020
451,0.2076
452,0.1176
453,0.2119
454,0.2566
455,0.2124
456,0.2056
457,0.2004
458,0.2162
459,0.1406
460,0.1414
461,0.1381
462,0.1574
463,0.1783
464,0.1532
465,0.1753
466,0.1669
467,0.1673
468,0.1523
469,0.1831
470,0.1337
471,0.1668
472,0.1410
473,0.1487
474,0.1401
475,0.1595
476,0.1648
477,0.1702
478,0.1740
479,0.1679
480,0.1678
481,0.1670
482,0.1698
483,0.1682
484,0.1666
485,0.1703
486,0.3043
487,0.1375
488,0.2217
489,0.0805
490,0.0825
491,0.0900
492,0.0991
493,0.0928
494,0.1113
495,0.1307
496,0.0825
497,0.1512
498,0.0834
499,0.1381
500,0.0738
501,0.1171
502,0.0956
503,0.0795
504,0.0878
505,0.1138
506,0.0819
507,0.1295
508,0.1272
509,0.0875
510,0.1212
511,0.1013
512,0.1026
513,0.1171
514,0.0849
515,0.1126
516,0.0773
517,0.0432
518,0.1281
519,0.1284
520,0.1285
521,0.1050
522,0.1286
523,0.1506
524,0.1008
525,0.1045
526,0.0987
527,0.1131
528,0.1162
529,0.1182
530,0.1000
531,0.1023
532,0.1184
533,0.1043
534,0.1229
535,0.2086
536,0.2256
537,0.1894
538,0.2250
539,0.2372
540,0.2082
541,0.2139
542,0.1768
543,0.1269
544,0.1374
545,0.1632
546,0.1550
547,0.2121
548,0.3434
549,0.3682
550,0.2514
551,0.1957
552,0.2083
553,0.2570
554,0.2440
555,0.2332
556,0.3161
557,0.2492
558,0.3756
559,0.3376
560,0.4314
561,0.3311
562,0.1786
563,0.1052
564,0.1927
565,0.2060
566,0.1670
567,0.3735
568,0.3276
569,0.1786
570,0.3704
571,0.2428
572,0.2213
573,0.0764
574,0.1238
575,0.1220
576,0.0617
577,0.0605
578,0.0881
579,0.0814
580,0.0871
581,0.0828
582,0.1181
583,0.0969
584,0.0837
585,0.0731
586,0.0471
587,0.1036
588,0.1462
589,0.1760
590,0.2026
591,0.0277
592,0.1814
593,0.0828
594,0.1672
595,0.0551
596,0.2372
597,0.1506
598,0.1756
599,0.2354
600,0.2449
601,0.1547
602,0.1254
603,0.1164
604,0.1103
605,0.1360
606,0.0887
607,0.0916
608,0.1159
609,0.0940
610,0.0911
611,0.1914
612,0.2530
613,0.1738
614,0.1436
615,0.1702
616,0.1494
617,0.2041
618,0.1617
619,0.1575
620,0.1958
621,0.1591
622,0.1546
623,0.1659
624,0.1532
625,0.1916
626,0.2825
627,0.2793
628,0.2829
629,0.2757
630,0.2584
631,0.2544
632,0.2928
633,0.2543
634,0.2562
635,0.0840
636,0.1609
637,0.3207
638,0.0955
639,0.1391
640,0.2165
641,0.1382
642,0.1390
643,0.1337
644,0.1412
645,0.1291
646,0.1312
647,0.1185
648,0.1279
649,0.1295
650,0.1203
651,0.1074
652,0.1069
653,0.1123
654,0.1051
655,0.1172
656,0.1025
657,0.1448
658,0.1125
659,0.1126
660,0.1203
661,0.1329
662,0.1212
663,0.2027
664,0.0782
665,0.1176
666,0.1496
667,0.1094
668,0.3150
669,0.1421
670,0.0968
671,0.0651
672,0.1833
673,0.2288
674,0.0885
675,0.0723
676,0.1753
677,0.1547
678,0.1454
679,0.3698
680,0.1251
681,0.1058
682,0.0846
683,0.3421
684,0.3266
685,0.2749
686,0.3836
687,0.0823
688,0.2934
689,0.2198
690,0.2768
691,0.3009
692,0.1953
693,0.3863
694,0.2121
695,0.1998
696,0.2452
697,0.1544
698,0.1498
699,0.1473
700,0.1948
701,0.1937
702,0.2553
703,0.2415
704,0.0321
705,0.3824
706,0.2061
707,0.2407
708,0.0474
709,0.0762
710,0.1289
711,0.1896
712,0.1833
713,0.0431
714,0.0587
715,0.1119
716,0.1081
717,0.2713
718,0.0761
719,0.1315
720,0.0774
721,0.1551
722,0.1393
723,0.1540
724,0.1540
725,0.1141
726,0.1921
727,0.1121
728,0.1275
729,0.0881
730,0.0879
731,0.1543
732,0.0670
733,0.0491
734,0.0773
735,0.0898
736,0.2945
737,0.2052
738,0.0932
739,0.2157
740,0.1548
741,0.1435
742,0.1454
743,0.2974
744,0.1477
745,0.1398
746,0.2009
747,0.2182
748,0.3907
749,0.2600
750,0.2490
751,0.4162
752,0.3168
753,0.1364
754,0.2353
755,0.1745
756,0.1845
757,0.2935
758,0.2211
759,0.2029
760,0.1283
761,0.2197
762,0.1933
763,0.2871
764,0.2550
765,0.3416
766,0.2362
767,0.0805
768,0.1251
769,0.2142
770,0.1756
771,0.3298
772,0.0551
773,0.2380
774,0.3845
775,0.2128
776,0.2065
777,0.0587
778,0.1901
779,0.0744
780,0.2270
781,0.2308
782,0.2206
783,0.1967
784,0.1841
785,0.2311
786,0.2306
787,0.1860
788,0.2386
789,0.1968
790,0.1914
791,0.2131
792,0.1969
793,0.2096
794,0.1864
795,0.1916
796,0.2126
797,0.1698
798,0.1665
799,0.1668
800,0.2486
801,0.2618
802,0.2378
803,0.2168
804,0.0815
805,0.0236
806,0.4245
807,0.0173
808,0.0174
809,0.0276
810,0.0242
811,0.0249
812,0.0444
813,0.0453
814,0.0209
815,0.0380
816,0.3106
817,0.2077
818,0.2064
819,0.3493
820,0.4246
821,0.4132
822,0.2164
823,0.1461
824,0.1375
825,0.1397
826,0.1664
827,0.1399
828,0.1622
829,0.1520
830,0.1503
831,0.0500
832,0.2514
833,0.1445
834,0.1553
835,0.1136
836,0.1118
837,0.0936
838,0.1311
839,0.0595
840,0.0480
841,0.1407
842,0.0613
843,0.1290
844,0.1570
845,0.1228
846,0.1118
847,0.1382
848,0.1131
849,0.1844
850,0.1300
851,0.1695
852,0.1456
853,0.1773
854,0.2146
855,0.0801
856,0.0606
857,0.1898
858,0.2374
859,0.1099
860,0.0269
861,0.0929
862,0.3048
863,0.1839
864,0.0873
865,0.1220
866,0.1531
867,0.2229
868,0.1344
869,0.0902
870,0.2053
871,0.2055
872,0.0407
873,0.1071
874,0.0555
875,0.1240
876,0.0692
877,0.1618
878,0.1408
879,0.1668
880,0.1868
881,0.0799
882,0.1514
883,0.2240
884,0.1780
885,0.0989
886,0.1944
887,0.1244
888,0.0952
889,0.1457
890,0.1802
891,0.1396
892,0.1433
893,0.0946
894,0.3349
895,0.1275
896,0.0895
897,0.1672
898,0.2292
899,0.1904
900,0.0884
901,0.2624
902,0.1600
903,0.1239
904,0.0756
905,0.4205
906,0.4138
907,0.4886
908,0.1204
909,0.0755
910,0.2777
911,0.1564
912,0.4575
913,0.2715
914,0.1900
915,0.1640
916,0.0779
917,0.0442
918,0.3620
919,0.2542
920,0.1002
921,0.0651
922,0.0577
923,0.0894
924,0.3201
925,0.3012
926,0.0785
927,0.1817
928,0.1482
929,0.1543
930,0.1527
931,0.2319
932,0.1262
933,0.2246
934,0.1915
935,0.1606
936,0.2071
937,0.2524
938,0.2018
939,0.2209
940,0.2557
941,0.2634
942,0.2209
943,0.2597
944,0.2025
945,0.2245
946,0.2175
947,0.2450
948,0.2041
949,0.2159
950,0.2242
951,0.2141
952,0.1971
953,0.1633
954,0.2256
955,0.2129
956,0.0590
957,0.1634
958,0.0744
959,0.1292
960,0.4085
961,0.2470
962,0.3965
963,0.2891
964,0.2824
965,0.0395
966,0.2093
967,0.1858
968,0.0650
969,0.1414
970,0.1864
971,0.2022
972,0.0737
973,0.0515
974,0.1602
975,0.1277
976,0.1107
977,0.0445
978,0.2240
979,0.3609
980,0.1061
981,0.0625
982,0.1640
983,0.1637
984,0.1202
985,0.2756
986,0.1114
987,0.0676
988,0.4763
989,0.1826
990,0.2557
991,0.1218
992,0.1345
993,0.1349
994,0.1483
995,0.1286
996,0.1241
997,0.1860
998,0.2244
999,0.2361
1000,0.1194
1001,0.0205
1002,0.3644
1003,0.2267
1004,0.2766
1005,0.1237
1006,0.1514
1007,0.1457
1008,0.1755
1009,0.4110
1010,0.0264
1011,0.2319
1012,0.2864
1013,0.1987
1014,0.2875
1015,0.3155
1016,0.3219
1017,0.3512
1018,0.3327
1019,0.1402
1020,0.1602
1021,0.1060
1022,0.1306
1023,0.0896
1024,0.1902
1025,0.0917
1026,0.2603
1027,0.0971
1028,0.1528
1029,0.1994
1030,0.2312
1031,0.2532
1032,0.2299
1033,0.1819
1034,0.1869
1035,0.1697
1036,0.1750
1037,0.1088
1038,0.1251
1039,0.2008
1040,0.1767
1041,0.1678
1042,0.1333
1043,0.1062
1044,0.2436
1045,0.1969
1046,0.3304
1047,0.2362
1048,0.2094
1049,0.2352
1050,0.2084
1051,0.2176
1052,0.2101
1053,0.2090
1054,0.2095
1055,0.2292
1056,0.2229
1057,0.2424
1058,0.2152
1059,0.2220
1060,0.1805
1061,0.2355
1062,0.1793
1063,0.2159
1064,0.1711
1065,0.2255
1066,0.1769
1067,0.1611
1068,0.1795
1069,0.1487
1070,0.1974
1071,0.1965
1072,0.1358
1073,0.1686
1074,0.1432
1075,0.1458
1076,0.1721
1077,0.1672
1078,0.1468
1079,0.1367
1080,0.1769
1081,0.1366
1082,0.1564
1083,0.1684
1084,0.1970
1085,0.1540
1086,0.1708
1087,0.1583
1088,0.1466
1089,0.1802
1090,0.1805
1091,0.1217
1092,0.1474
1093,0.1298
1094,0.1339
1095,0.1240
1096,0.1282
1097,0.1178
1098,0.0902
1099,0.0778
1100,0.1912
1101,0.0928
1102,0.1106
1103,0.1446
1104,0.1229
1105,0.1220
1106,0.2619
1107,0.2669
1108,0.1515
1109,0.1853
1110,0.2440
1111,0.2042
1112,0.1163
1113,0.1143
1114,0.1247
1115,0.1573
1116,0.1377
1117,0.1452
1118,0.1132
1119,0.1543
1120,0.1424
1121,0.1171
1122,0.1615
1123,0.1076
1124,0.1416
1125,0.1461
1126,0.1477
1127,0.1425
1128,0.1425
1129,0.1153
1130,0.1241
1131,0.1500
1132,0.1314
1133,0.1589
1134,0.1356
1135,0.1621
1136,0.1885
1137,0.1889
1138,0.2064
1139,0.2054
1140,0.1935
1141,0.1933
1142,0.2001
1143,0.2163
1144,0.1856
1145,0.2156
1146,0.1924
1147,0.3378
1148,0.3008
1149,0.2450
1150,0.2647
1151,0.2487
1152,0.2103
1153,0.3572
1154,0.1805
1155,0.1095
1156,0.0741
1157,0.2036
1158,0.2102
1159,0.1783
1160,0.1996
1161,0.1929
1162,0.1988
1163,0.1868
1164,0.1865
1165,0.1997
1166,0.1872
1167,0.2074
1168,0.2010
1169,0.1766
1170,0.1915
1171,0.2202
1172,0.2338
1173,0.1717
1174,0.1117
1175,0.1099
1176,0.2568
1177,0.1793
1178,0.2224
1179,0.1996
1180,0.2249
1181,0.2135
1182,0.1410
1183,0.2741
1184,0.2450
1185,0.2503
1186,0.2649
1187,0.2645
1188,0.2564
1189,0.2517
1190,0.2511
1191,0.2327
1192,0.2250
1193,0.2125
1194,0.1867
1195,0.1991
1196,0.0598
1197,0.1806
1198,0.1962
1199,0.2149
1200,0.2503
1201,0.0329
1202,0.0342
1203,0.0434
1204,0.0412
1205,0.0293
1206,0.0389
1207,0.1670
1208,0.1474
1209,0.1268
1210,0.1071
1211,0.1214
1212,0.1438
1213,0.1014
1214,0.1013
1215,0.1268
1216,0.0997
1217,0.1015
1218,0.0978
1219,0.1336
1220,0.1033
1221,0.1036
1222,0.1094
1223,0.1346
1224,0.1182
1225,0.1165
1226,0.1280
1227,0.1299
1228,0.1059
1229,0.1215
1230,0.1127
1231,0.1570
1232,0.1791
1233,0.1260
1234,0.1657
1235,0.1316
1236,0.1953
1237,0.0945
1238,0.0724
1239,0.0622
1240,0.1282
1241,0.2162
1242,0.2095
1243,0.1771
1244,0.1681
1245,0.1770
1246,0.1667
1247,0.1740
1248,0.1596
1249,0.1581
1250,0.1502
1251,0.1627
1252,0.1684
1253,0.1968
1254,0.1612
1255,0.1484
1256,0.1503
1257,0.1527
1258,0.1517
1259,0.1682
1260,0.1499
1261,0.1489
1262,0.1509
1263,0.1579
1264,0.1723
1265,0.1536
1266,0.1506
1267,0.1571
1268,0.1632
1269,0.1993
1270,0.2083
1271,0.2103
1272,0.1362
1273,0.1138
1274,0.1376
1275,0.0935
1276,0.0720
1277,0.0733
1278,0.2206
1279,0.1635
1280,0.0711
1281,0.0724
1282,0.0786
1283,0.1826
1284,0.1810
1285,0.1689
1286,0.1041
1287,0.0991
1288,0.0993
1289,0.2004
1290,0.1963
1291,0.2040
1292,0.1895
1293,0.1007
1294,0.0910
1295,0.0782
1296,0.1463
1297,0.0928
1298,0.0984
1299,0.0878
1300,0.0987
1301,0.1172
1302,0.1325
1303,0.0886
1304,0.0705
1305,0.0709
1306,0.0780
1307,0.0794
1308,0.0916
1309,0.0855
1310,0.1996
1311,0.3923
1312,0.1075
1313,0.1293
1314,0.1263
1315,0.0928
1316,0.2065
1317,0.2355
1318,0.1654
1319,0.1858
1320,0.2110
1321,0.1578
1322,0.0997
1323,0.2000
1324,0.1754
1325,0.2326
1326,0.1257
1327,0.1084
1328,0.0868
1329,0.0152
1330,0.2780
1331,0.1308
1332,0.1791
1333,0.1683
1334,0.2798
1335,0.1439
1336,0.2088
1337,0.1853
1338,0.1116
1339,0.1137
1340,0.1448
1341,0.1590
1342,0.1357
1343,0.1465
1344,0.0373
1345,0.0720
1346,0.0625
1347,0.0793
1348,0.0415
1349,0.0414
1350,0.0389
1351,0.1194
1352,0.0780
1353,0.0407
1354,0.0409
1355,0.0815
1356,0.0420
1357,0.0448
1358,0.0357
1359,0.0370
1360,0.0756
1361,0.1010
1362,0.2271
1363,0.1249
1364,0.1055
1365,0.2175
1366,0.0600
1367,0.2834
1368,0.0562
1369,0.1426
1370,0.1154
1371,0.1268
1372,0.0789
1373,0.1009
1374,0.1841
1375,0.1733
1376,0.1203
1377,0.0518
1378,0.1511
1379,0.0968
1380,0.0755
1381,0.2998
1382,0.3222
1383,0.1744
1384,0.2723
1385,0.1934
1386,0.2281
1387,0.0942
1388,0.2384
1389,0.2094
1390,0.0883
1391,0.1644
1392,0.1625
1393,0.0436
1394,0.2167
1395,0.1107
1396,0.1098
1397,0.0952
1398,0.0794
1399,0.1199
1400,0.1333
1401,0.1306
1402,0.2779
1403,0.1215
1404,0.2428
1405,0.3865
1406,0.2244
1407,0.3085
1408,0.1254
1409,0.2294
1410,0.1866
1411,0.0817
1412,0.0824
1413,0.0840
1414,0.2022
1415,0.2938
1416,0.2661
1417,0.2399
1418,0.2369
1419,0.1354
1420,0.1546
1421,0.1625
1422,0.3244
1423,0.3305
1424,0.2274
1425,0.2238
1426,0.2435
1427,0.2265
1428,0.2269
1429,0.2269
1430,0.3055
1431,0.2144
1432,0.3319
1433,0.2602
1434,0.2289
1435,0.1697
1436,0.3251
1437,0.2375
1438,0.1127
1439,0.1804
1440,0.1498
1441,0.1552
1442,0.1668
1443,0.1686
1444,0.1930
1445,0.2091
1446,0.1563
1447,0.2272
1448,0.2405
1449,0.1707
1450,0.1675
1451,0.1691
1452,0.0352
1453,0.3297
1454,0.3214
1455,0.1423
1456,0.1820
1457,0.1469
1458,0.1456
1459,0.1341
1460,0.1363
1461,0.2045
1462,0.1532
1463,0.1633
1464,0.1569
1465,0.1514
1466,0.1799
1467,0.2060
1468,0.2184
1469,0.1539
1470,0.2451
1471,0.2181
1472,0.1984
1473,0.1754
1474,0.1705
1475,0.1892
1476,0.2263
1477,0.2361
1478,0.1761
1479,0.1513
1480,0.1801
1481,0.2020
1482,0.1762
1483,0.1424
1484,0.1861
1485,0.1502
1486,0.2139
1487,0.1755
1488,0.1421
1489,0.1445
1490,0.1975
1491,0.1425
1492,0.1728
1493,0.1821
1494,0.1858
1495,0.3110
1496,0.2766
1497,0.2701
1498,0.3334
1499,0.2503
1500,0.2182
1501,0.2192
1502,0.3292
1503,0.1738
1504,0.1799
1505,0.1670
1506,0.2520
1507,0.1758
1508,0.1627
1509,0.1922
1510,0.1585
1511,0.1351
1512,0.1115
1513,0.1225
1514,0.2399
1515,0.1916
1516,0.1786
1517,0.2011
1518,0.1938
1519,0.1762
1520,0.2102
1521,0.1680
1522,0.2381
1523,0.2760
1524,0.3299
1525,0.3094
1526,0.3516
1527,0.3121
1528,0.3843
1529,0.3155
1530,0.2254
1531,0.0950
1532,0.0304
1533,0.1453
1534,0.1244
1535,0.1653
1536,0.1471
1537,0.1624
1538,0.1444
1539,0.1430
1540,0.1501
1541,0.1608
1542,0.1997
1543,0.1290
1544,0.1256
1545,0.1283
1546,0.2677
1547,0.2219
1548,0.2444
1549,0.2856
1550,0.4052
1551,0.1536
1552,0.1773
1553,0.3192
1554,0.2028
1555,0.1588
1556,0.2693
1557,0.3195
1558,0.2766
1559,0.3075
1560,0.3091
1561,0.2721
1562,0.2550
1563,0.1563
1564,0.0582
1565,0.1975
1566,0.0970
1567,0.1418
1568,0.1803
1569,0.2208
1570,0.1438
1571,0.1989
1572,0.1741
1573,0.1741
1574,0.1743
1575,0.1767
1576,0.1991
1577,0.1858
1578,0.1910
1579,0.1631
1580,0.1605
1581,0.1578
1582,0.1680
1583,0.1762
1584,0.1962
1585,0.1793
1586,0.1625
1587,0.1851
1588,0.1542
1589,0.2034
1590,0.1973
1591,0.1730
1592,0.1626
1593,0.1800
1594,0.1977
1595,0.1527
1596,0.1630
1597,0.2059
1598,0.1560
1599,0.1792
1600,0.1740
1601,0.2000
1602,0.1628
1603,0.1593
1604,0.1625
1605,0.1701
1606,0.1580
1607,0.1692
1608,0.1721
1609,0.1841
1610,0.1629
1611,0.2000
1612,0.1588
1613,0.1598
1614,0.1531
1615,0.1534
1616,0.1536
1617,0.1798
1618,0.1597
1619,0.1948
1620,0.1645
1621,0.1444
1622,0.1611
1623,0.1595
1624,0.2614
1625,0.1878
1626,0.1973
1627,0.3653
1628,0.2629
1629,0.3041
1630,0.3292
1631,0.1915
1632,0.1132
1633,0.1172
1634,0.1268
1635,0.1622
1636,0.1846
1637,0.1598
1638,0.1771
1639,0.0781
1640,0.1894
1641,0.0794
1642,0.0650
1643,0.1706
1644,0.1767
1645,0.4205
1646,0.2551
1647,0.2196
1648,0.0428
1649,0.1742
1650,0.2656
1651,0.0510
1652,0.0728
1653,0.2703
1654,0.2432
1655,0.1802
1656,0.1673
1657,0.1691
1658,0.2302
1659,0.2771
1660,0.2098
1661,0.0143
1662,0.1718
1663,0.1675
1664,0.1281
1665,0.0213
1666,0.0373
1667,0.1508
1668,0.1032
1669,0.2775
1670,0.1184
1671,0.2083
1672,0.0953
1673,0.1324
1674,0.1656
1675,0.1589
1676,0.2278
1677,0.1169
1678,0.2575
1679,0.0412
1680,0.1230
1681,0.1049
1682,0.2713
1683,0.1864
1684,0.2038
1685,0.2195
1686,0.1539
1687,0.1732
1688,0.1645
1689,0.1557
1690,0.1354
1691,0.1336
1692,0.1581
1693,0.1574
1694,0.1381
1695,0.1543
1696,0.1531
1697,0.1743
1698,0.2360
1699,0.0578
1700,0.0580
1701,0.1800
1702,0.0776
1703,0.1169
1704,0.0941
1705,0.1355
1706,0.1413
1707,0.1359
1708,0.1588
1709,0.1247
1710,0.2024
1711,0.1358
1712,0.0395
1713,0.0602
1714,0.1183
1715,0.0808
1716,0.1265
1717,0.0789
1718,0.1678
1719,0.1769
1720,0.2148
1721,0.2387
1722,0.2160
1723,0.2144
1724,0.2142
1725,0.1353
1726,0.1364
1727,0.1986
1728,0.2897
1729,0.2569
1730,0.2017
1731,0.1812
1732,0.1725
1733,0.1325
1734,0.1393
1735,0.2416
1736,0.1888
1737,0.2066
1738,0.1388
1739,0.1537
1740,0.2387
1741,0.1349
1742,0.1453
1743,0.1532
1744,0.1418
1745,0.1374
1746,0.1482
1747,0.1491
1748,0.2268
1749,0.1490
1750,0.2066
1751,0.1361
1752,0.4078
1753,0.2509
1754,0.2907
1755,0.1638
1756,0.1725
1757,0.1598
1758,0.1584
1759,0.1561
1760,0.1871
1761,0.1662
1762,0.1560
1763,0.2813
1764,0.1729
1765,0.1807
1766,0.0685
1767,0.0539
1768,0.0778
1769,0.0627
1770,0.3552
1771,0.3524
1772,0.3490
1773,0.2575
1774,0.3134
1775,0.3390
1776,0.2662
1777,0.1302
1778,0.0697
1779,0.2337
1780,0.1459
1781,0.1417
1782,0.1803
1783,0.1773
1784,0.2066
1785,0.1020
1786,0.3247
1787,0.3046
1788,0.3331
1789,0.3016
1790,0.3337
1791,0.2438
1792,0.2497
1793,0.2882
1794,0.2688
1795,0.2887
1796,0.2792
1797,0.4578
1798,0.4279
1799,0.4150
1800,0.5246
1801,0.4984
1802,0.5643
1803,0.5217
1804,0.2302
1805,0.2091
1806,0.2671
1807,0.0787
1808,0.0668
1809,0.1396
1810,0.2425
1811,0.2168
1812,0.2212
1813,0.2061
1814,0.2427
1815,0.2437
1816,0.2598
1817,0.2698
1818,0.3364
1819,0.2167
1820,0.2420
1821,0.0994
1822,0.0863
1823,0.0855
1824,0.0866
1825,0.2355
1826,0.2674
1827,0.1589
1828,0.0626
1829,0.1034
1830,0.1786
1831,0.0852
1832,0.1052
1833,0.1261
1834,0.2408
1835,0.2422
1836,0.4214
1837,0.2122
1838,0.2866
1839,0.1615
1840,0.0742
1841,0.3063
1842,0.1069
1843,0.1083
1844,0.2641
1845,0.0754
1846,0.1073
1847,0.1207
1848,0.1306
1849,0.0916
1850,0.0970
1851,0.0898
1852,0.1086
1853,0.0877
1854,0.1466
1855,0.0930
1856,0.1290
1857,0.2648
1858,0.1531
1859,0.2526
1860,0.2412
1861,0.2231
1862,0.2270
1863,0.0627
1864,0.3620
1865,0.2535
1866,0.1630
1867,0.1552
1868,0.2279
1869,0.1603
1870,0.2633
1871,0.1737
1872,0.1368
1873,0.1211
1874,0.1306
1875,0.2363
1876,0.2181
1877,0.2575
1878,0.2884
1879,0.1656
1880,0.1705
1881,0.0650
1882,0.2585
1883,0.2773
1884,0.2720
1885,0.1603
1886,0.1910
1887,0.1463
1888,0.3314
1889,0.2029
1890,0.2383
1891,0.0367
1892,0.3163
1893,0.3317
1894,0.2781
1895,0.3867
1896,0.2186
1897,0.3189
1898,0.1379
1899,0.1413
1900,0.0869
1901,0.1404
1902,0.1493
1903,0.0949
1904,0.0865
1905,0.1298
1906,0.2529
1907,0.1695
1908,0.2041
1909,0.1680
1910,0.1903
1911,0.1674
1912,0.1952
1913,0.2094
1914,0.1868
1915,0.2252
1916,0.2128
1917,0.2219
1918,0.2280
1919,0.2894
1920,0.2301
1921,0.2379
1922,0.2429
1923,0.2524
1924,0.2217
1925,0.2609
1926,0.2435
1927,0.2937
1928,0.1168
1929,0.1676
1930,0.2530
1931,0.2088
1932,0.1983
1933,0.1454
1934,0.1500
1935,0.1474
1936,0.1460
1937,0.2018
1938,0.1600
1939,0.1669
1940,0.1801
1941,0.1412
1942,0.1237
1943,0.1694
1944,0.0795
1945,0.4195
1946,0.0938
1947,0.0908
1948,0.0902
1949,0.0944
1950,0.0789
1951,0.2239
1952,0.0862
1953,0.0832
1954,0.1555
1955,0.1423
1956,0.1261
1957,0.1267
1958,0.1213
1959,0.1227
1960,0.0958
1961,0.1185
1962,0.1808
1963,0.1229
1964,0.1740
1965,0.1570
1966,0.2691
1967,0.2415
1968,0.2205
1969,0.2623
1970,0.2170
1971,0.2018
1972,0.1837
1973,0.2229
1974,0.1453
1975,0.2948
1976,0.2345
1977,0.2756
1978,0.2188
1979,0.1148
1980,0.1073
1981,0.1960
1982,0.1239
1983,0.1245
1984,0.1121
1985,0.1225
1986,0.1210
1987,0.1470
1988,0.1265
1989,0.2259
1990,0.2635
1991,0.0226
1992,0.3374
1993,0.3584
1994,0.0494
1995,0.1615
1996,0.0791
1997,0.1893
1998,0.2200
1999,0.2484
2000,0.1992
2001,0.1743
2002,0.1916
2003,0.1317
2004,0.1181
2005,0.3781
2006,0.3193
2007,0.3135
2008,0.0807
2009,0.1074
2010,0.1210
2011,0.1994
2012,0.2069
2013,0.2123
2014,0.2789
2015,0.1278
2016,0.0690
2017,0.1388
2018,0.2328
2019,0.3982
2020,0.1253
2021,0.1792
2022,0.2478
2023,0.0929
2024,0.1371
2025,0.1563
2026,0.0698
2027,0.1991
2028,0.1716
2029,0.1661
2030,0.1471
2031,0.0650
2032,0.1545
2033,0.1287
2034,0.1565
2035,0.2254
2036,0.1200
2037,0.1567
2038,0.5107
2039,0.1749
2040,0.3196
2041,0.1300
2042,0.1598
2043,0.1716
2044,0.1220
2045,0.1607
2046,0.2323
2047,0.2280
2048,0.3514
2049,0.2879
2050,0.3144
2051,0.2850
2052,0.2363
2053,0.2762
2054,0.1394
2055,0.0806
2056,0.0971
2057,0.1369
2058,0.2512
2059,0.1664
2060,0.0391
2061,0.0418
2062,0.0496
2063,0.0365
2064,0.0493
2065,0.0507
2066,0.1530
2067,0.1130
2068,0.4796
2069,0.1907
2070,0.3165
2071,0.0546
2072,0.1823
2073,0.2339
2074,0.1341
2075,0.1048
2076,0.0921
2077,0.1113
2078,0.2103
2079,0.3220
2080,0.3243
2081,0.2916
2082,0.3220
2083,0.3087
2084,0.3088
2085,0.3291
2086,0.3295
2087,0.2922
2088,0.0649
2089,0.0326
2090,0.1138
2091,0.0259
2092,0.2935
2093,0.0632
2094,0.1722
2095,0.2572
2096,0.0400
2097,0.3630
2098,0.1712
2099,0.1110
2100,0.1441
2101,0.1314
2102,0.1187
2103,0.0857
2104,0.0994
2105,0.3303
2106,0.2707
2107,0.1283
2108,0.1904
2109,0.3366
2110,0.1192
2111,0.2547
2112,0.2763
2113,0.2507
2114,0.1081
2115,0.3688
2116,0.3325
2117,0.3044
2118,0.3109
2119,0.3164
2120,0.0666
2121,0.0672
2122,0.0676
2123,0.1702
2124,0.1302
2125,0.2549
2126,0.1975
2127,0.2874
2128,0.3540
2129,0.2788
2130,0.2171
2131,0.0359
2132,0.2124
2133,0.0427
2134,0.1039
2135,0.0530
2136,0.2357
2137,0.1479
2138,0.1814
2139,0.3178
2140,0.0581
2141,0.2187
2142,0.0304
2143,0.2204
2144,0.2738
2145,0.1747
2146,0.2631
2147,0.3329
2148,0.1694
2149,0.3070
2150,0.2986
2151,0.3358
2152,0.1289
2153,0.1989
2154,0.2517
2155,0.2342
2156,0.2664
2157,0.0712
2158,0.2513
2159,0.2568
2160,0.3005
2161,0.2811
2162,0.3051
2163,0.3041
2164,0.1100
2165,0.1518
2166,0.2789
2167,0.2619
2168,0.2485
2169,0.2248
2170,0.3086
2171,0.2842
2172,0.2415
2173,0.2698
2174,0.2051
2175,0.3200
2176,0.1947
2177,0.1776
2178,0.1666
2179,0.1072
2180,0.1159
2181,0.1183
2182,0.2357
2183,0.2200
2184,0.1456
2185,0.1038
2186,0.2533
2187,0.2437
2188,0.2637
2189,0.2345
2190,0.3139
2191,0.2442
2192,0.2933
2193,0.2516
2194,0.2730
2195,0.0236
2196,0.0861
2197,0.1650
2198,0.1785
2199,0.3003
2200,0.1489
2201,0.1632
2202,0.2470
2203,0.1620
2204,0.1214
2205,0.1177
2206,0.1643
2207,0.1409
2208,0.1123
2209,0.1517
2210,0.1691
2211,0.1291
2212,0.2297
2213,0.1389
2214,0.0913
2215,0.1318
2216,0.0640
2217,0.1109
2218,0.1540
2219,0.1899
2220,0.4017
2221,0.2964
2222,0.3585
2223,0.3805
2224,0.3103
2225,0.4018
2226,0.3379
2227,0.2218
2228,0.0637
2229,0.2902
2230,0.2371
2231,0.1702
2232,0.3011
2233,0.2250
2234,0.2370
2235,0.0557
2236,0.1136
2237,0.2728
2238,0.2427
2239,0.2730
2240,0.2232
2241,0.3396
2242,0.2602
2243,0.3475
2244,0.2479
2245,0.2703
2246,0.2737
2247,0.1056
2248,0.0284
2249,0.1229
2250,0.1182
2251,0.0571
2252,0.1223
2253,0.1349
2254,0.1808
2255,0.0544
2256,0.0818
2257,0.0930
2258,0.1952
2259,0.2644
2260,0.3278
2261,0.4912
2262,0.1760
2263,0.3128
2264,0.1698
2265,0.2661
2266,0.1361
2267,0.3135
2268,0.4078
2269,0.2680
2270,0.3087
2271,0.2527
2272,0.2520
2273,0.2355
2274,0.1543
2275,0.0836
2276,0.1747
2277,0.1284
2278,0.0644
2279,0.0764
2280,0.0460
2281,0.1351
2282,0.1320
2283,0.0590
2284,0.1735
2285,0.1872
2286,0.1284
2287,0.0516
2288,0.1572
2289,0.0902
2290,0.1156
2291,0.2888
2292,0.3066
2293,0.1387
2294,0.0509
2295,0.0326
2296,0.0515
2297,0.0513
2298,0.1417
2299,0.1603
2300,0.0185
2301,0.1699
2302,0.1055
2303,0.3339
2304,0.2283
2305,0.2121
2306,0.2768
2307,0.2080
2308,0.2210
2309,0.2049
2310,0.2115
2311,0.1693
2312,0.1726
2313,0.1846
2314,0.1505
2315,0.1717
2316,0.2887
2317,0.3891
2318,0.3532
2319,0.3680
2320,0.2723
2321,0.1949
2322,0.2612
2323,0.2123
2324,0.1666
2325,0.0573
2326,0.0481
2327,0.0478
2328,0.0272
2329,0.0411
2330,0.0223
2331,0.2213
2332,0.0579
2333,0.0493
2334,0.0434
2335,0.0473
2336,0.2045
2337,0.1651
2338,0.0536
2339,0.0579
2340,0.2665
2341,0.1026
2342,0.3162
2343,0.3141
2344,0.2696
2345,0.2434
2346,0.2188
2347,0.2096
2348,0.2992
2349,0.3194
2350,0.1192
2351,0.1222
2352,0.0890
2353,0.0816
2354,0.1085
2355,0.2439
2356,0.2394
2357,0.1899
2358,0.1903
2359,0.2863
2360,0.0948
2361,0.0467
2362,0.1452
2363,0.1321
2364,0.1983
2365,0.1134
2366,0.2216
2367,0.2148
2368,0.2763
2369,0.4270
2370,0.1847
2371,0.2186
2372,0.3693
2373,0.2621
2374,0.3693
2375,0.3599
2376,0.3422
2377,0.3647
2378,0.3758
2379,0.3643
2380,0.3577
2381,0.3653
2382,0.3800
2383,0.3584
2384,0.4147
2385,0.3835
2386,0.3650
2387,0.3746
2388,0.3738
2389,0.3761
2390,0.3761
2391,0.3561
2392,0.3612
2393,0.2350
2394,0.3283
2395,0.2248
2396,0.2369
2397,0.2455
2398,0.3968
2399,0.3541
2400,0.2476
2401,0.2392
2402,0.2065
2403,0.4025
2404,0.1688
2405,0.0934
2406,0.1336
2407,0.0907
2408,0.1185
2409,0.0626
2410,0.1836
2411,0.0913
2412,0.4551
2413,0.0192
2414,0.1414
2415,0.1859
2416,0.1641
2417,0.1328
2418,0.0928
2419,0.1155
2420,0.1284
2421,0.2540
2422,0.2683
2423,0.2323
2424,0.2574
2425,0.1197
2426,0.0532
2427,0.1036
2428,0.0480
2429,0.0264
2430,0.0818
2431,0.2279
2432,0.2876
2433,0.3098
2434,0.1367
2435,0.1963
2436,0.0515
2437,0.1298
2438,0.0411
2439,0.1722
2440,0.0583
2441,0.0446
2442,0.0432
2443,0.0439
2444,0.0633
2445,0.0717
2446,0.0509
2447,0.0955
2448,0.0990
2449,0.0616
2450,0.2195
2451,0.2020
2452,0.2036
2453,0.0430
2454,0.1704
2455,0.0606
2456,0.0579
2457,0.0855
2458,0.1347
2459,0.0489
2460,0.1738
2461,0.2453
2462,0.0361
2463,0.1200
2464,0.1321
2465,0.1088
2466,0.0444
2467,0.3260
2468,0.1852
2469,0.4138
2470,0.4144
2471,0.2176
2472,0.1657
2473,0.1384
2474,0.1414
2475,0.2326
2476,0.2892
2477,0.3061
2478,0.1602
2479,0.2153
2480,0.2342
2481,0.4224
2482,0.3058
2483,0.2527
2484,0.2477
2485,0.2370
2486,0.3067
2487,0.2525
2488,0.2598
2489,0.2550
2490,0.3135
2491,0.3233
2492,0.2549
2493,0.2556
2494,0.2548
2495,0.2359
2496,0.2520
2497,0.2526
2498,0.2526
2499,0.2524
2500,0.0350
2501,0.1251
2502,0.0947
2503,0.3217
2504,0.1532
2505,0.0882
2506,0.0296
2507,0.1497
2508,0.2680
2509,0.3476
2510,0.1369
2511,0.1892
2512,0.1105
2513,0.1105
2514,0.1300
2515,0.3135
2516,0.1998
2517,0.0267
2518,0.1211
2519,0.1515
2520,0.0491
2521,0.1135
2522,0.1572
2523,0.2822
2524,0.2584
2525,0.0748
2526,0.0444
2527,0.3590
2528,0.1551
2529,0.1519
2530,0.1931
2531,0.3240
2532,0.2973
2533,0.3129
2534,0.2567
2535,0.0250
2536,0.3014
2537,0.0361
2538,0.1666
2539,0.0379
2540,0.0917
2541,0.0661
2542,0.0794
2543,0.0842
2544,0.1399
2545,0.2783
2546,0.0563
2547,0.1544
2548,0.1114
2549,0.0936
2550,0.1273
2551,0.1061
2552,0.1086
2553,0.1924
2554,0.1632
2555,0.0877
2556,0.0904
2557,0.0833
2558,0.0838
2559,0.1039
2560,0.1219
2561,0.0908
2562,0.1277
2563,0.1506
2564,0.0859
2565,0.1213
2566,0.0885
2567,0.1053
2568,0.0898
2569,0.0854
2570,0.0886
2571,0.0991
2572,0.1334
2573,0.1001
2574,0.0879
2575,0.0845
2576,0.1173
2577,0.1092
2578,0.0842
2579,0.0913
2580,0.0856
2581,0.1153
2582,0.0843
2583,0.0450
2584,0.0468
2585,0.1852
2586,0.2342
2587,0.1365
2588,0.1168
2589,0.1846
2590,0.0643
2591,0.1728
2592,0.2438
2593,0.2272
2594,0.2590
2595,0.2599
2596,0.4886
2597,0.1549
2598,0.1018
2599,0.2121
2600,0.1140
2601,0.1691
2602,0.1976
2603,0.1413
2604,0.1136
2605,0.1276
2606,0.1162
2607,0.1335
2608,0.0959
2609,0.2921
2610,0.3197
2611,0.3157
2612,0.2965
2613,0.2694
2614,0.0464
2615,0.0206
2616,0.0663
2617,0.4320
2618,0.2342
2619,0.0814
2620,0.3387
2621,0.0264
2622,0.1199
2623,0.0374
2624,0.0956
2625,0.0279
2626,0.0403
2627,0.0154
2628,0.0505
2629,0.0886
2630,0.0762
2631,0.2483
2632,0.2874
2633,0.0940
2634,0.0377
2635,0.0768
2636,0.0487
2637,0.0505
2638,0.0617
2639,0.1591
2640,0.0591
2641,0.1479
2642,0.2161
2643,0.2464
2644,0.2555
2645,0.3425
2646,0.2793
2647,0.0615
2648,0.1117
2649,0.1194
2650,0.0914
2651,0.0566
2652,0.0194
2653,0.1346
2654,0.1354
2655,0.1351
2656,0.1033
2657,0.0964
2658,0.1023
2659,0.0997
2660,0.0826
2661,0.0747
2662,0.0581
2663,0.0937
2664,0.3086
2665,0.2051
2666,0.2269
2667,0.2593
2668,0.0651
2669,0.0839
2670,0.0590
2671,0.1432
2672,0.1083
2673,0.0949
2674,0.2269
2675,0.2000
2676,0.1725
2677,0.1482
2678,0.1661
2679,0.1863
2680,0.1645
2681,0.1734
2682,0.2747
2683,0.2546
2684,0.2000
2685,0.2023
2686,0.1633
2687,0.1660
2688,0.2077
2689,0.1617
2690,0.1677
2691,0.1639
2692,0.2788
2693,0.2154
2694,0.1832
2695,0.1627
2696,0.2104
2697,0.2211
2698,0.1642
2699,0.1641
2700,0.1640
2701,0.2061
2702,0.1807
2703,0.1512
2704,0.1749
2705,0.2147
2706,0.1891
2707,0.1778
2708,0.2129
2709,0.1996
2710,0.2820
2711,0.1633
2712,0.1623
2713,0.1940
2714,0.1685
2715,0.1649
2716,0.1615
2717,0.1736
2718,0.2167
2719,0.1828
2720,0.1641
2721,0.2207
2722,0.2458
2723,0.2455
2724,0.1617
2725,0.1739
2726,0.1624
2727,0.1865
2728,0.2135
2729,0.1768
2730,0.2664
2731,0.1748
2732,0.1923
2733,0.2388
2734,0.1621
2735,0.1652
2736,0.1881
2737,0.1779
2738,0.1606
2739,0.1807
2740,0.1946
2741,0.1740
2742,0.1875
2743,0.1651
2744,0.1663
2745,0.2029
2746,0.2435
2747,0.2266
2748,0.1756
2749,0.1827
2750,0.1752
2751,0.1674
2752,0.2114
2753,0.2560
2754,0.1619
2755,0.2290
2756,0.1940
2757,0.2160
2758,0.2623
2759,0.1740
2760,0.1627
2761,0.2660
2762,0.2167
2763,0.1881
2764,0.2509
2765,0.1616
2766,0.1777
2767,0.1837
2768,0.1991
2769,0.2628
2770,0.2251
2771,0.1616
2772,0.1729
2773,0.2133
2774,0.1622
2775,0.1696
2776,0.1755
2777,0.2249
2778,0.2167
2779,0.1503
2780,0.1661
2781,0.1605
2782,0.1615
2783,0.1659
2784,0.1684
2785,0.1767
2786,0.2677
2787,0.1956
2788,0.1653
2789,0.1813
2790,0.2493
2791,0.1635
2792,0.1843
2793,0.1665
2794,0.1535
2795,0.0198
2796,0.1557
2797,0.1463
2798,0.0195
2799,0.0124
2800,0.0584
2801,0.1146
2802,0.4773
2803,0.2152
2804,0.2387
2805,0.0749
2806,0.0692
2807,0.0744
2808,0.0882
2809,0.1039
2810,0.1952
2811,0.0964
2812,0.0971
2813,0.1504
2814,0.0996
2815,0.2235
2816,0.2860
2817,0.0960
2818,0.0912
2819,0.0892
2820,0.2459
2821,0.1262
2822,0.0218
2823,0.0233
2824,0.1248
2825,0.0226
2826,0.0810
2827,0.0704
2828,0.2840
2829,0.2199
2830,0.2413
2831,0.2878
2832,0.0482
2833,0.4383
2834,0.0558
2835,0.1125
2836,0.1074
2837,0.1119
2838,0.1017
2839,0.1103
2840,0.0882
2841,0.1453
2842,0.3133
2843,0.3049
2844,0.1800
2845,0.1568
2846,0.1479
2847,0.1799
2848,0.1539
2849,0.1888
2850,0.1498
2851,0.1488
2852,0.1713
2853,0.1722
2854,0.1550
2855,0.1552
2856,0.1674
2857,0.1512
2858,0.1508
2859,0.2113
2860,0.2559
2861,0.1369
2862,0.1205
2863,0.1236
2864,0.1453
2865,0.1678
2866,0.1483
2867,0.1339
2868,0.1495
2869,0.1437
2870,0.2011
2871,0.0600
2872,0.0501
2873,0.0499
2874,0.2037
2875,0.2034
2876,0.1521
2877,0.2077
2878,0.3159
2879,0.2407
2880,0.0451
2881,0.0454
2882,0.1050
2883,0.1744
2884,0.1745
2885,0.2681
2886,0.3216
2887,0.2123
2888,0.2606
2889,0.2056
2890,0.2068
2891,0.1906
2892,0.1443
2893,0.1879
2894,0.0551
2895,0.1372
2896,0.2383
2897,0.2478
2898,0.0473
2899,0.2242
2900,0.2738
2901,0.2562
2902,0.2661
2903,0.3271
2904,0.3435
2905,0.2194
2906,0.1182
2907,0.0774
2908,0.2144
2909,0.3088
2910,0.3032
2911,0.1384
2912,0.0292
2913,0.1276
2914,0.1004
2915,0.1778
2916,0.1731
2917,0.0939
2918,0.2023
2919,0.1054
2920,0.0795
2921,0.0784
2922,0.0966
2923,0.0682
2924,0.0965
2925,0.0865
2926,0.0861
2927,0.0973
2928,0.1677
2929,0.1644
2930,0.1216
2931,0.0610
2932,0.0465
2933,0.2950
2934,0.0942
2935,0.0539
2936,0.2170
2937,0.1343
2938,0.1365
2939,0.1332
2940,0.0333
2941,0.1661
2942,0.2014
2943,0.1693
2944,0.2257
2945,0.4211
2946,0.4645
2947,0.4335
2948,0.3779
2949,0.4049
2950,0.3742
2951,0.4013
2952,0.3902
2953,0.4397
2954,0.4094
2955,0.3634
2956,0.3880
2957,0.1649
2958,0.1739
2959,0.1852
2960,0.1628
2961,0.2157
2962,0.2615
2963,0.2449
2964,0.2098
2965,0.2090
2966,0.1998
2967,0.2096
2968,0.2124
2969,0.2158
2970,0.2416
2971,0.2092
2972,0.2318
2973,0.1739
2974,0.1317
2975,0.1703
2976,0.3096
2977,0.1748
2978,0.1424
2979,0.2019
2980,0.0988
2981,0.3381
2982,0.1279
2983,0.1678
2984,0.0668
2985,0.1912
2986,0.1913
2987,0.1976
2988,0.1794
2989,0.1918
2990,0.1646
2991,0.1565
2992,0.1717
2993,0.1409
2994,0.1356
2995,0.1378
2996,0.1692
2997,0.1575
2998,0.1618
2999,0.1481
3000,0.1940
3001,0.1981
3002,0.1595
3003,0.1556
3004,0.1596
3005,0.1721
3006,0.1445
3007,0.1485
3008,0.1431
3009,0.1527
3010,0.1746
3011,0.1937
3012,0.1930
3013,0.1790
3014,0.1792
3015,0.1505
3016,0.1764
3017,0.1793
3018,0.1744
3019,0.1715
3020,0.1722
3021,0.1394
3022,0.1526
3023,0.1420
3024,0.1694
3025,0.1583
3026,0.1668
3027,0.1528
3028,0.1470
3029,0.2530
3030,0.2460
3031,0.1907
3032,0.2009
3033,0.2503
3034,0.2495
3035,0.1832
3036,0.2209
3037,0.2210
3038,0.2122
3039,0.2104
3040,0.1912
3041,0.2049
3042,0.1865
3043,0.2095
3044,0.1763
3045,0.1704
3046,0.1894
3047,0.1949
3048,0.1866
3049,0.0946
3050,0.1777
3051,0.1768
3052,0.1681
3053,0.1778
3054,0.2184
3055,0.2425
3056,0.2699
3057,0.2448
3058,0.2630
3059,0.2483
3060,0.2524
3061,0.2576
3062,0.2653
3063,0.1913
3064,0.2668
3065,0.2149
3066,0.1354
3067,0.0767
3068,0.0960
3069,0.2319
3070,0.1857
3071,0.1354
3072,0.1173
3073,0.1152
3074,0.3756
3075,0.2889
3076,0.1317
3077,0.2007
3078,0.2243
3079,0.2188
3080,0.2259
3081,0.1789
3082,0.1929
3083,0.1885
3084,0.1828
3085,0.2209
3086,0.1706
3087,0.1878
3088,0.1191
3089,0.1144
3090,0.1508
3091,0.1106
3092,0.2089
3093,0.1928
3094,0.1142
3095,0.1128
3096,0.1122
3097,0.0836
3098,0.0239
3099,0.0243
3100,0.0939
3101,0.1019
3102,0.4006
3103,0.2279
3104,0.3439
3105,0.1203
3106,0.0332
3107,0.0466
3108,0.2215
3109,0.1080
3110,0.1330
3111,0.1945
3112,0.2391
3113,0.1702
3114,0.1603
3115,0.1355
3116,0.1276
3117,0.1252
3118,0.1367
3119,0.1447
3120,0.1301
3121,0.1754
3122,0.1592
3123,0.1862
3124,0.2144
3125,0.3048
3126,0.2572
3127,0.2825
3128,0.2762
3129,0.2909
3130,0.2875
3131,0.2574
3132,0.2768
3133,0.2594
3134,0.2530
3135,0.2572
3136,0.2515
3137,0.1490
3138,0.1844
3139,0.1184
3140,0.1618
3141,0.0900
3142,0.0775
3143,0.0991
3144,0.1318
3145,0.1143
3146,0.1108
3147,0.1108
3148,0.1551
3149,0.1526
3150,0.3588
3151,0.3429
3152,0.1063
3153,0.1624
3154,0.2007
3155,0.1560
3156,0.0562
3157,0.2532
3158,0.1727
3159,0.2010
3160,0.1620
3161,0.2334
3162,0.0466
3163,0.1387
3164,0.0424
3165,0.0638
3166,0.3805
3167,0.2222
3168,0.2775
3169,0.1252
3170,0.2708
3171,0.0965
3172,0.3428
3173,0.0570
3174,0.2180
3175,0.3180
3176,0.2137
3177,0.3771
3178,0.2861
3179,0.2380
3180,0.2866
3181,0.2786
3182,0.2156
3183,0.3008
3184,0.2233
3185,0.2280
3186,0.2213
3187,0.1654
3188,0.0977
3189,0.1554
3190,0.1227
3191,0.0780
3192,0.1958
3193,0.0992
3194,0.1199
3195,0.2002
3196,0.1718
3197,0.1240
3198,0.1560
3199,0.1680
3200,0.1115
3201,0.1066
3202,0.1140
3203,0.1560
3204,0.1780
3205,0.1753
3206,0.1667
3207,0.1589
3208,0.1589
3209,0.2138
3210,0.1200
3211,0.0468
3212,0.1066
3213,0.0640
3214,0.1140
3215,0.1121
3216,0.1529
3217,0.0931
3218,0.0820
3219,0.0925
3220,0.3048
3221,0.3787
3222,0.3335
3223,0.1876
3224,0.1565
3225,0.2052
3226,0.2052
3227,0.1702
3228,0.2428
3229,0.1755
3230,0.1725
3231,0.2074
3232,0.2014
3233,0.1987
3234,0.1646
3235,0.2078
3236,0.2081
3237,0.2082
3238,0.2082
3239,0.1896
3240,0.1676
3241,0.1995
3242,0.1935
3243,0.2026
3244,0.2026
3245,0.1859
3246,0.2026
3247,0.2158
3248,0.2099
3249,0.1873
3250,0.1721
3251,0.1605
3252,0.1035
3253,0.1005
3254,0.1123
3255,0.1109
3256,0.1071
3257,0.1067
3258,0.1068
3259,0.1653
3260,0.1799
3261,0.1052
3262,0.1105
3263,0.0893
3264,0.5277
3265,0.2971
3266,0.0471
3267,0.0450
3268,0.2132
3269,0.1415
3270,0.1245
3271,0.1843
3272,0.0854
3273,0.1078
3274,0.0803
3275,0.0459
3276,0.0981
3277,0.1409
3278,0.1239
3279,0.1894
3280,0.1210
3281,0.2445
3282,0.2042
3283,0.1584
3284,0.2118
3285,0.1814
3286,0.2695
3287,0.3165
3288,0.3328
3289,0.2089
3290,0.2120
3291,0.3132
3292,0.2670
3293,0.3380
3294,0.0692
3295,0.0301
3296,0.0969
3297,0.0889
3298,0.2296
3299,0.2430
3300,0.1917
3301,0.2059
3302,0.2182
3303,0.1872
3304,0.1875
3305,0.1988
3306,0.2101
3307,0.2260
3308,0.2041
3309,0.2013
3310,0.2250
3311,0.1593
3312,0.1832
3313,0.1513
3314,0.1789
3315,0.1380
3316,0.1889
3317,0.1848
3318,0.1866
3319,0.2244
3320,0.1723
3321,0.2793
3322,0.2174
3323,0.2214
3324,0.2229
3325,0.3089
3326,0.2297
3327,0.3332
3328,0.2967
3329,0.2799
3330,0.2558
3331,0.2452
3332,0.2671
3333,0.2946
3334,0.2687
3335,0.2780
3336,0.2338
3337,0.2555
3338,0.0861
3339,0.2336
3340,0.2890
3341,0.2917
3342,0.1066
3343,0.1022
3344,0.1258
3345,0.1523
3346,0.1414
3347,0.0390
3348,0.1183
3349,0.2359
3350,0.2334
3351,0.2335
3352,0.2344
3353,0.1148
3354,0.1334
3355,0.1311
3356,0.1597
3357,0.1416
3358,0.1849
3359,0.1549
3360,0.1144
3361,0.0992
3362,0.2715
3363,0.1058
3364,0.0600
3365,0.1909
3366,0.3376
3367,0.0761
3368,0.0581
3369,0.0652
3370,0.0941
3371,0.3899
3372,0.2067
3373,0.3198
3374,0.2883
3375,0.2546
3376,0.2619
3377,0.2588
3378,0.1650
3379,0.0966
3380,0.1802
3381,0.1317
3382,0.0669
3383,0.0779
3384,0.0666
3385,0.0504
3386,0.2216
3387,0.2043
3388,0.0906
3389,0.2170
3390,0.2438
3391,0.1772
3392,0.2234
3393,0.2035
3394,0.1134
3395,0.0729
3396,0.0785
3397,0.0698
3398,0.0689
3399,0.0875
3400,0.0841
3401,0.1355
3402,0.1220
3403,0.1264
3404,0.1139
3405,0.1096
3406,0.1156
3407,0.0749
3408,0.0862
3409,0.0835
3410,0.1088
3411,0.0818
3412,0.1074
3413,0.0811
3414,0.2894
3415,0.1135
3416,0.0504
3417,0.0488
3418,0.0984
3419,0.2859
3420,0.2369
3421,0.3759
3422,0.3309
3423,0.3731
3424,0.3731
3425,0.3307
3426,0.3206
3427,0.3021
3428,0.2966
3429,0.3376
3430,0.3205
3431,0.2728
3432,0.2763
3433,0.2845
3434,0.2662
3435,0.2882
3436,0.2852
3437,0.2950
3438,0.3048
3439,0.3055
3440,0.2878
3441,0.3265
3442,0.3065
3443,0.3409
3444,0.3273
3445,0.3567
3446,0.3418
3447,0.3463
3448,0.3305
3449,0.3428
3450,0.3448
3451,0.3516
3452,0.3525
3453,0.3527
3454,0.3585
3455,0.3302
3456,0.3300
3457,0.3593
3458,0.3776
3459,0.3841
3460,0.3372
3461,0.3374
3462,0.3670
3463,0.3323
3464,0.3822
3465,0.3507
3466,0.3595
3467,0.3714
3468,0.3532
3469,0.3789
3470,0.3564
3471,0.3523
3472,0.3511
3473,0.3730
3474,0.3456
3475,0.3683
3476,0.1966
3477,0.1482
3478,0.4731
3479,0.4155
3480,0.1218
3481,0.0763
3482,0.1369
3483,0.1800
3484,0.1226
3485,0.1652
3486,0.1307
3487,0.2752
3488,0.1199
3489,0.1305
3490,0.1115
3491,0.1090
3492,0.1539
3493,0.1738
3494,0.1274
3495,0.1985
3496,0.1689
3497,0.2234
3498,0.1816
3499,0.1853
3500,0.2500
3501,0.2787
3502,0.2716
3503,0.1081
3504,0.0418
3505,0.0383
3506,0.1944
3507,0.0902
3508,0.0849
3509,0.0472
3510,0.0569
3511,0.0661
3512,0.0737
3513,0.0564
3514,0.1854
3515,0.0593
3516,0.1654
3517,0.0351
3518,0.0725
3519,0.1188
3520,0.1766
3521,0.2216
3522,0.1825
3523,0.1214
3524,0.1781
3525,0.1412
3526,0.1368
3527,0.1766
3528,0.2178
3529,0.2587
3530,0.2382
3531,0.1686
3532,0.1943
3533,0.2371
3534,0.2146
3535,0.2484
3536,0.2873
3537,0.2687
3538,0.3057
3539,0.2773
3540,0.2664
3541,0.2812
3542,0.2894
3543,0.2005
3544,0.2457
3545,0.2314
3546,0.2475
3547,0.1864
3548,0.2285
3549,0.1708
3550,0.0677
3551,0.2424
3552,0.1942
3553,0.1324
3554,0.1350
3555,0.1468
3556,0.1837
3557,0.2307
3558,0.1529
3559,0.1617
3560,0.2103
3561,0.1843
3562,0.2324
3563,0.1504
3564,0.1511
3565,0.1971
3566,0.2028
3567,0.2796
3568,0.1946
3569,0.2536
3570,0.1851
3571,0.2347
3572,0.1047
3573,0.5197
3574,0.5612
3575,0.0864
3576,0.0362
3577,0.0509
3578,0.0387
3579,0.1184
3580,0.2445
3581,0.2111
3582,0.3150
3583,0.1491
3584,0.2169
3585,0.1628
3586,0.1566
3587,0.1555
3588,0.1518
3589,0.1617
3590,0.2300
3591,0.2940
3592,0.2986
3593,0.2010
3594,0.1950
3595,0.0768
3596,0.0756
3597,0.2404
3598,0.2208
3599,0.3125
3600,0.1261
3601,0.1182
3602,0.3400
3603,0.2604
3604,0.2177
3605,0.2141
3606,0.0721
3607,0.0611
3608,0.0625
3609,0.4141
3610,0.2746
3611,0.2958
3612,0.0894
3613,0.1244
3614,0.0867
3615,0.0626
3616,0.0516
3617,0.0565
3618,0.0567
3619,0.0619
3620,0.0572
3621,0.0550
3622,0.0550
3623,0.0562
3624,0.0864
3625,0.0821
3626,0.0744
3627,0.0752
3628,0.2761
3629,0.2541
3630,0.1824
3631,0.1528
3632,0.2893
3633,0.1451
3634,0.1440
3635,0.2311
3636,0.2135
3637,0.2138
3638,0.1297
3639,0.1107
3640,0.1295
3641,0.1284
3642,0.1499
3643,0.1560
3644,0.0966
3645,0.1261
3646,0.1261
3647,0.1232
3648,0.0934
3649,0.1052
3650,0.1849
3651,0.0951
3652,0.1295
3653,0.0921
3654,0.0846
3655,0.1421
3656,0.1086
3657,0.1301
3658,0.0811
3659,0.2190
3660,0.1863
3661,0.1792
3662,0.1668
3663,0.1704
3664,0.1801
3665,0.1523
3666,0.1611
3667,0.2016
3668,0.3079
3669,0.2631
3670,0.0423
3671,0.1315
3672,0.1848
3673,0.1257
3674,0.1060
3675,0.0818
3676,0.2522
3677,0.2325
3678,0.1685
3679,0.1843
3680,0.4020
3681,0.2470
3682,0.1426
3683,0.3186
3684,0.2566
3685,0.0750
3686,0.1484
3687,0.1597
3688,0.2432
3689,0.4109
3690,0.1972
3691,0.1592
3692,0.3664
3693,0.2440
3694,0.1841
3695,0.1471
3696,0.1736
3697,0.1937
3698,0.2138
3699,0.2158
3700,0.2270
3701,0.2405
3702,0.2735
3703,0.1287
3704,0.2913
3705,0.2522
3706,0.2758
3707,0.2367
3708,0.2280
3709,0.2012
3710,0.2057
3711,0.2093
3712,0.2197
3713,0.2022
3714,0.2076
3715,0.2366
3716,0.2088
3717,0.1999
3718,0.2173
3719,0.1854
3720,0.2098
3721,0.1849
3722,0.1876
3723,0.2488
3724,0.1970
3725,0.1651
3726,0.2924
3727,0.3559
3728,0.2376
3729,0.2264
3730,0.2143
3731,0.2250
3732,0.2553
3733,0.2157
3734,0.2154
3735,0.2356
3736,0.3142
3737,0.2429
3738,0.1970
3739,0.1525
3740,0.0979
3741,0.1102
3742,0.1034
3743,0.1875
3744,0.1092
3745,0.1567
3746,0.1695
3747,0.1459
3748,0.1112
3749,0.1093
3750,0.1100
3751,0.1112
3752,0.1452
3753,0.1716
3754,0.2768
3755,0.0442
3756,0.0405
3757,0.0702
3758,0.0553
3759,0.0289
3760,0.0147
3761,0.0153
3762,0.0237
3763,0.0221
3764,0.0264
3765,0.0264
3766,0.0222
3767,0.0139
3768,0.0828
3769,0.1128
3770,0.0206
3771,0.0770
3772,0.0189
3773,0.0670
3774,0.0227
3775,0.0162
3776,0.0197
3777,0.0398
3778,0.0144
3779,0.0138
3780,0.0314
3781,0.0144
3782,0.0165
3783,0.0690
3784,0.1797
3785,0.1784
3786,0.2714
3787,0.1179
3788,0.2513
3789,0.2166
3790,0.1347
3791,0.0277
3792,0.0937
3793,0.0901
3794,0.0847
3795,0.1201
3796,0.0904
3797,0.0656
3798,0.2320
3799,0.0321
3800,0.2019
3801,0.1941
3802,0.1969
3803,0.0603
3804,0.1519
3805,0.0449
3806,0.0398
3807,0.2573
3808,0.2209
3809,0.2583
3810,0.2245
3811,0.2000
3812,0.2108
3813,0.1624
3814,0.1968
3815,0.3082
3816,0.1227
3817,0.2535
3818,0.2610
3819,0.3022
3820,0.1594
3821,0.2005
3822,0.2017
3823,0.2725
3824,0.1771
3825,0.0995
3826,0.1217
3827,0.0728
3828,0.1583
3829,0.1124
3830,0.2748
3831,0.2466
3832,0.1987
3833,0.2099
3834,0.2097
3835,0.2875
3836,0.2984
3837,0.2891
3838,0.2985
3839,0.2996
3840,0.2992
3841,0.3267
3842,0.2596
3843,0.1965
3844,0.2027
3845,0.2213
3846,0.2118
3847,0.2095
3848,0.2720
3849,0.2232
3850,0.2350
3851,0.0668
3852,0.1362
3853,0.2694
3854,0.2094
3855,0.2130
3856,0.1903
3857,0.0775
3858,0.0736
3859,0.1009
3860,0.3493
3861,0.3236
3862,0.1677
3863,0.2424
3864,0.1559
3865,0.2837
3866,0.3768
3867,0.0111
3868,0.1413
3869,0.1138
3870,0.0998
3871,0.1047
3872,0.1387
3873,0.1122
3874,0.0966
3875,0.1001
3876,0.0266
3877,0.1654
3878,0.3409
3879,0.2947
3880,0.2558
3881,0.2898
3882,0.3156
3883,0.2320
3884,0.1418
3885,0.0697
3886,0.0744
3887,0.0927
3888,0.1540
3889,0.1603
3890,0.2053
3891,0.0374
3892,0.1339
3893,0.1654
3894,0.2126
3895,0.1351
3896,0.1045
3897,0.0973
3898,0.1478
3899,0.1267
3900,0.2621
3901,0.2023
3902,0.1849
3903,0.1851
3904,0.1844
3905,0.1846
3906,0.1846
3907,0.1865
3908,0.1807
3909,0.1696
3910,0.1665
3911,0.1644
3912,0.0442
3913,0.2295
3914,0.1457
3915,0.1484
3916,0.1689
3917,0.1341
3918,0.2076
3919,0.1399
3920,0.2816
3921,0.3072
3922,0.3115
3923,0.3954
3924,0.3170
3925,0.1285
3926,0.1666
3927,0.1219
3928,0.2601
3929,0.1562
3930,0.2954
3931,0.0451
3932,0.1898
3933,0.1530
3934,0.0829
3935,0.1399
3936,0.1132
3937,0.0711
3938,0.1130
3939,0.0837
3940,0.1952
3941,0.1918
3942,0.0614
3943,0.0834
3944,0.0572
3945,0.1241
3946,0.2213
3947,0.2534
3948,0.2080
3949,0.2023
3950,0.2559
3951,0.3400
3952,0.3024
3953,0.2468
3954,0.3852
3955,0.3091
3956,0.2821
3957,0.3566
3958,0.3764
3959,0.3369
3960,0.3486
3961,0.3176
3962,0.3348
3963,0.2931
3964,0.2163
3965,0.1525
3966,0.3225
3967,0.2861
3968,0.3406
3969,0.4529
3970,0.3888
3971,0.3641
3972,0.2710
3973,0.4013
3974,0.2596
3975,0.2764
3976,0.5390
3977,0.5515
3978,0.5113
3979,0.4987
3980,0.5014
3981,0.5038
3982,0.4943
3983,0.1751
3984,0.1577
3985,0.1580
3986,0.1681
3987,0.1477
3988,0.3516
3989,0.1114
3990,0.2881
3991,0.3136
3992,0.1557
3993,0.1695
3994,0.1583
3995,0.1658
3996,0.2356
3997,0.1108
3998,0.2651
3999,0.1863
4000,0.2920
4001,0.0942
4002,0.2259
4003,0.1158
4004,0.1619
4005,0.1420
4006,0.1209
4007,0.1370
4008,0.0551
4009,0.0977
4010,0.0868
4011,0.0877
4012,0.0624
4013,0.0339
4014,0.0761
4015,0.1847
4016,0.2017
4017,0.1908
4018,0.0676
4019,0.1240
4020,0.2532
4021,0.2350
4022,0.2142
4023,0.0607
4024,0.2722
4025,0.3894
4026,0.3494
4027,0.2552
4028,0.2455
4029,0.3020
4030,0.3015
4031,0.3341
4032,0.3156
4033,0.2448
4034,0.3102
4035,0.2775
4036,0.2648
4037,0.3269
4038,0.2867
4039,0.3466
4040,0.2482
4041,0.3552
4042,0.2420
4043,0.2709
4044,0.2500
4045,0.2756
4046,0.2833
4047,0.2976
4048,0.2901
4049,0.2991
4050,0.2383
4051,0.2675
4052,0.2842
4053,0.2447
4054,0.2957
4055,0.2728
4056,0.2782
4057,0.2790
4058,0.3145
4059,0.2777
4060,0.2577
4061,0.2485
4062,0.2724
4063,0.2606
4064,0.3355
4065,0.3023
4066,0.2966
4067,0.2426
4068,0.2983
4069,0.2972
4070,0.2899
4071,0.3212
4072,0.2784
4073,0.2481
4074,0.1648
4075,0.1322
4076,0.2379
4077,0.3164
4078,0.4094
4079,0.1724
4080,0.1008
4081,0.0769
4082,0.1782
4083,0.0669
4084,0.1735
4085,0.2259
4086,0.2577
4087,0.2450
4088,0.2623
4089,0.2803
4090,0.3062
4091,0.3103
4092,0.2825
4093,0.1318
4094,0.1307
4095,0.1579
4096,0.0347
4097,0.3536
4098,0.2325
4099,0.1731
4100,0.1649
4101,0.2074
4102,0.2046
4103,0.2005
4104,0.3265
4105,0.3354
4106,0.2480
4107,0.1518
4108,0.1058
4109,0.1307
4110,0.1426
4111,0.0245
4112,0.0287
4113,0.2285
4114,0.2776
4115,0.2307
4116,0.3482
4117,0.0659
4118,0.1196
4119,0.1916
4120,0.1375
4121,0.1283
4122,0.1289
4123,0.2042
4124,0.0451
4125,0.2765
4126,0.2687
4127,0.2612
4128,0.1854
4129,0.2083
4130,0.2744
4131,0.2475
4132,0.3192
4133,0.2247
4134,0.2387
4135,0.2450
4136,0.2603
4137,0.1697
4138,0.1697
4139,0.2116
4140,0.2402
4141,0.3377
4142,0.3479
4143,0.0917
4144,0.2038
4145,0.1586
4146,0.1026
4147,0.0330
4148,0.0269
4149,0.0326
4150,0.1906
4151,0.1979
4152,0.1252
4153,0.2111
4154,0.2576
4155,0.4011
4156,0.1608
4157,0.1204
4158,0.1212
4159,0.1138
4160,0.1543
4161,0.1557
4162,0.1252
4163,0.1434
4164,0.1379
4165,0.1418
4166,0.1316
4167,0.0787
4168,0.1823
4169,0.0282
4170,0.1262
4171,0.0312
4172,0.0767
4173,0.0799
4174,0.1096
4175,0.1828
4176,0.1682
4177,0.1505
4178,0.1339
4179,0.1690
4180,0.1925
4181,0.2177
4182,0.2512
4183,0.0462
4184,0.2777
4185,0.2830
4186,0.2312
4187,0.2294
4188,0.3402
4189,0.3233
4190,0.0688
4191,0.0708
4192,0.0560
4193,0.1719
4194,0.2172
4195,0.2169
4196,0.2187
4197,0.1447
4198,0.3162
4199,0.3515
4200,0.1350
4201,0.3236
4202,0.2226
4203,0.1762
4204,0.1803
4205,0.1787
4206,0.1775
4207,0.2363
4208,0.1141
4209,0.0421
4210,0.1734
4211,0.1542
4212,0.0933
4213,0.0874
4214,0.1154
4215,0.0262
4216,0.0280
4217,0.0341
4218,0.2624
4219,0.2573
4220,0.2701
4221,0.1205
4222,0.0504
4223,0.0630
4224,0.1078
4225,0.1842
4226,0.2371
4227,0.0319
4228,0.2898
4229,0.2204
4230,0.2210
4231,0.2570
4232,0.2701
4233,0.2759
4234,0.2834
4235,0.3084
4236,0.3012
4237,0.2840
4238,0.2808
4239,0.2896
4240,0.2760
4241,0.2460
4242,0.2450
4243,0.2935
4244,0.2691
4245,0.2657
4246,0.2765
4247,0.3023
4248,0.2523
4249,0.2574
4250,0.2518
4251,0.0649
4252,0.1422
4253,0.1245
4254,0.1327
4255,0.1877
4256,0.1508
4257,0.1502
4258,0.2471
4259,0.1431
4260,0.3038
4261,0.2026
4262,0.2504
4263,0.1416
4264,0.1351
4265,0.2428
4266,0.1596
4267,0.1850
4268,0.1835
4269,0.1511
4270,0.1404
4271,0.1420
4272,0.4033
4273,0.1274
4274,0.1138
4275,0.0759
4276,0.2406
4277,0.1453
4278,0.1998
4279,0.1364
4280,0.1677
4281,0.0871
4282,0.1020
4283,0.1238
4284,0.2297
4285,0.3281
4286,0.3297
4287,0.3309
4288,0.1393
4289,0.2270
4290,0.1268
4291,0.1264
4292,0.1663
4293,0.2643
4294,0.2838
4295,0.1344
4296,0.2836
4297,0.3032
4298,0.2816
4299,0.3307
4300,0.0370
4301,0.1419
4302,0.2704
4303,0.2602
4304,0.0841
4305,0.0428
4306,0.2952
4307,0.3253
4308,0.1591
4309,0.0855
4310,0.0842
4311,0.0884
4312,0.1692
4313,0.1695
4314,0.1237
4315,0.0702
4316,0.1275
4317,0.1247
4318,0.1648
4319,0.1687
4320,0.1670
4321,0.1763
4322,0.1518
4323,0.0891
4324,0.1411
4325,0.2342
4326,0.2340
4327,0.1646
4328,0.2174
4329,0.2116
4330,0.2112
4331,0.2113
4332,0.2632
4333,0.2325
4334,0.2014
4335,0.0910
4336,0.2654
4337,0.1609
4338,0.1311
4339,0.2022
4340,0.2815
4341,0.2276
4342,0.2302
4343,0.4204
4344,0.3869
4345,0.0897
4346,0.1318
4347,0.1021
4348,0.1342
4349,0.0897
4350,0.1584
4351,0.0716
4352,0.0763
4353,0.1469
4354,0.1622
4355,0.2271
4356,0.1961
4357,0.0502
4358,0.0660
4359,0.0784
4360,0.1098
4361,0.1673
4362,0.1463
4363,0.1323
4364,0.3920
4365,0.3253
4366,0.1043
4367,0.0130
4368,0.1299
4369,0.2345
4370,0.0200
4371,0.0146
4372,0.0710
4373,0.1098
4374,0.1126
4375,0.2717
4376,0.0301
4377,0.1538
4378,0.3086
4379,0.2503
4380,0.1475
4381,0.2075
4382,0.3196
4383,0.1661
4384,0.1150
4385,0.1012
4386,0.0180
4387,0.0222
4388,0.0332
4389,0.0822
4390,0.0306
4391,0.0570
4392,0.0324
4393,0.0445
4394,0.0596
4395,0.1568
4396,0.0801
4397,0.1094
4398,0.1470
4399,0.2509
4400,0.1826
4401,0.2168
4402,0.1473
4403,0.0837
4404,0.0731
4405,0.1222
4406,0.1032
4407,0.1338
4408,0.2372
4409,0.2204
4410,0.2217
4411,0.4414
4412,0.3271
4413,0.2568
4414,0.1843
4415,0.1904
4416,0.2033
4417,0.2113
4418,0.1440
4419,0.1584
4420,0.0698
4421,0.0838
4422,0.0933
4423,0.2468
4424,0.1995
4425,0.1843
4426,0.2034
4427,0.1751
4428,0.1173
4429,0.2197
4430,0.2899
4431,0.2096
4432,0.2189
4433,0.2121
4434,0.2217
4435,0.0952
4436,0.0419
4437,0.1334
4438,0.0501
4439,0.2993
4440,0.0490
4441,0.1517
4442,0.1223
4443,0.1456
4444,0.2047
4445,0.0361
4446,0.0511
4447,0.2690
4448,0.0309
4449,0.1194
4450,0.0877
4451,0.0994
4452,0.1028
4453,0.1154
4454,0.1924
4455,0.1412
4456,0.2222
4457,0.0325
4458,0.0457
4459,0.0544
4460,0.1905
4461,0.2752
4462,0.1179
4463,0.1079
4464,0.0970
4465,0.2757
4466,0.0949
4467,0.1017
4468,0.1397
4469,0.0870
4470,0.1475
4471,0.1334
4472,0.1700
4473,0.1708
4474,0.1348
4475,0.1663
4476,0.0815
4477,0.0869
4478,0.1122
4479,0.1491
4480,0.0871
4481,0.3942
4482,0.1050
4483,0.1705
4484,0.0662
4485,0.0778
4486,0.0278
4487,0.0375
4488,0.0392
4489,0.1837
4490,0.0571
4491,0.1336
4492,0.0585
4493,0.0788
4494,0.2109
4495,0.2053
4496,0.2432
4497,0.0455
4498,0.0636
4499,0.1529
4500,0.0682
4501,0.0626
4502,0.0582
4503,0.0578
4504,0.0978
4505,0.0796
4506,0.1181
4507,0.0713
4508,0.1031
4509,0.1879
4510,0.1343
4511,0.1089
4512,0.1502
4513,0.0882
4514,0.1117
4515,0.1348
4516,0.1697
4517,0.1114
4518,0.0610
4519,0.0701
4520,0.0963
4521,0.3368
4522,0.1261
4523,0.0664
4524,0.0287
4525,0.1255
4526,0.1355
4527,0.1220
4528,0.1248
4529,0.0711
4530,0.0791
4531,0.0678
4532,0.0680
4533,0.1784
4534,0.0458
4535,0.1995
4536,0.1171
4537,0.2978
4538,0.1262
4539,0.1158
4540,0.1483
4541,0.1973
4542,0.2357
4543,0.1880
4544,0.1795
4545,0.1758
4546,0.0747
4547,0.0689
4548,0.0728
4549,0.0917
4550,0.0727
4551,0.1239
4552,0.1458
4553,0.2354
4554,0.0987
4555,0.1773
4556,0.1767
4557,0.1766
4558,0.1773
4559,0.1769
4560,0.1788
4561,0.1777
4562,0.1801
4563,0.1430
4564,0.1656
4565,0.1657
4566,0.1725
4567,0.1716
4568,0.1686
4569,0.1451
4570,0.1672
4571,0.1495
4572,0.1548
4573,0.1588
4574,0.1499
4575,0.1726
4576,0.1502
4577,0.1454
4578,0.1487
4579,0.1339
4580,0.1389
4581,0.1384
4582,0.1379
4583,0.1381
4584,0.1372
4585,0.1500
4586,0.1718
4587,0.1640
4588,0.1488
4589,0.1494
4590,0.1723
4591,0.1153
4592,0.0921
4593,0.0489
4594,0.1826
4595,0.1205
4596,0.1992
4597,0.1882
4598,0.0710
4599,0.2013
4600,0.2170
4601,0.1810
4602,0.1792
4603,0.1424
4604,0.1780
4605,0.1349
4606,0.1543
4607,0.1394
4608,0.1349
4609,0.1437
4610,0.1371
4611,0.2007
4612,0.1898
4613,0.1615
4614,0.1768
4615,0.2193
4616,0.1423
4617,0.1433
4618,0.1500
4619,0.1962
4620,0.1900
4621,0.0848
4622,0.3546
4623,0.2175
4624,0.1751
4625,0.1167
4626,0.0693
